,precision,recall,f1-score,support
benign,0.0,0.0,0.0,2.0
censys,0.0,0.0,0.0,1.0
driftnet,0.0,0.0,0.0,1.0
internetcensus,0.4,0.5,0.4444444444444444,4.0
intrinsec,0.5,0.5,0.5,2.0
mirai,0.0,0.0,0.0,3.0
rapid7,0.0,0.0,0.0,2.0
securitytrails,0.0,0.0,0.0,1.0
unk_bruteforcer,0.0,0.0,0.0,1.0
unk_exploiter,0.0,0.0,0.0,2.0
unk_spammer,0.0,0.0,0.0,1.0
accuracy,0.15,0.15,0.15,0.15
macro avg,0.08181818181818182,0.09090909090909091,0.08585858585858586,20.0
weighted avg,0.13,0.15,0.1388888888888889,20.0
