,precision,recall,f1-score,support
benign,0.16666666666666666,0.5,0.25,2.0
censys,0.0,0.0,0.0,1.0
driftnet,0.0,0.0,0.0,1.0
internetcensus,0.0,0.0,0.0,4.0
intrinsec,0.3333333333333333,0.5,0.4,2.0
mirai,0.0,0.0,0.0,3.0
rapid7,0.0,0.0,0.0,2.0
securitytrails,0.0,0.0,0.0,1.0
unk_bruteforcer,0.0,0.0,0.0,1.0
unk_exploiter,0.0,0.0,0.0,2.0
unk_spammer,0.0,0.0,0.0,1.0
accuracy,0.1,0.1,0.1,0.1
macro avg,0.045454545454545456,0.09090909090909091,0.05909090909090909,20.0
weighted avg,0.05,0.1,0.065,20.0
